pid,category,korean,english_common,scientific
P1002,관엽 Foliage,필로덴드론 마이크로스틱텀,Silver Sword Philodendron,Philodendron hastatum
P1003,관엽 Foliage,필로덴드론 플로리다뷰티,Florida Beauty,Philodendron pedatum Florida
P1004,관엽 Foliage,아글라오네마 실버베이,Silver Bay,Aglaonema Silver Bay
P1005,관엽 Foliage,아글라오네마 마리아,Aglaonema Maria,Aglaonema Maria
P1006,관엽 Foliage,싱고니움 밀크컨페티,Milk Confetti,Syngonium Milk Confetti
P1007,관엽 Foliage,칼라데아 루피바르바,Furry Feather Calathea,Goeppertia rufibarba
P1008,관엽 Foliage,스트로만테 트리오스타,Stromanthe Triostar,Stromanthe sanguinea Triostar
P1009,관엽 Foliage,크테난테 오포엔스,Never Never Plant,Ctenanthe oppenheimiana
P1010,관엽 Foliage,페페로미아 프로스타타,String of Turtles,Peperomia prostrata
P1011,관엽 Foliage,페페로미아 페레스키폴리아,Happy Bean,Peperomia ferreyrae
P1012,관엽 Foliage,베고니아 아메리아나,Begonia Amelia,Begonia Escargot
P1013,관엽 Foliage,베고니아 브라질리엔시스,Begonia Beleaf,Begonia brevirimosa
P1014,관엽 Foliage,드라세나 레몬라임,Lemon Lime Dracaena,Dracaena deremensis Lemon Lime
P1015,관엽 Foliage,코르딜리네 레드스타,Red Star Cordyline,Cordyline australis Red Star
P1016,관엽 Foliage,피토니아 레드,Red Nerve Plant,Fittonia verschaffeltii
P1017,관엽 Foliage,트라데스칸티아 스파툴라타,Purple Spiderwort,Tradescantia pallida
P1018,관엽 Foliage,크산토소마 링고니,Lime Zinger,Xanthosoma Lime Zinger
P1019,관엽 Foliage,스킨답서스 엑조티카,Silver Satin,Scindapsus pictus Exotica
P1020,관엽 Foliage,에피프렘넘 세브,Cebu Blue,Epipremnum pinnatum Cebu Blue
P1021,관엽 Foliage,몬스테라 스탄들레아나,Monstera Peru,Monstera standleyana
P1022,관엽 Foliage,폴리시아스 발포어,Balfour Aralia,Polyscias scutellaria
P1023,관엽 Foliage,산세베리아 문샤인,Moonshine Snake Plant,Dracaena trifasciata Moonshine
P1024,관엽 Foliage,산세베리아 하니,Bird's Nest Snake Plant,Dracaena trifasciata Hahnii
P1025,관엽 Foliage,피쿠스 티네케,Ficus Tineke,Ficus elastica Tineke
P1026,관엽 Foliage,피쿠스 알리,Ficus Alii,Ficus binnendijkii Alii
P1027,관엽 Foliage,피쿠스 트라이앵글,Triangle Fig,Ficus triangularis
P1028,관엽 Foliage,피쿠스 펫돌,Petiolaris Fig,Ficus petiolaris
P1029,관엽 Foliage,아라우카리아,Norfolk Island Pine,Araucaria heterophylla
P1030,관엽 Foliage,디스키디아,Million Hearts,Dischidia ruscifolia
P1031,관엽 Foliage,솔레이롤리아,Baby Tears,Soleirolia soleirolii
P1032,관엽 Foliage,필레아 문밸리,Moon Valley Pilea,Pilea mollis
P1033,관엽 Foliage,필레아 아루미니아타,Aluminum Plant,Pilea cadierei
P1034,관엽 Foliage,무늬접란,Spider Plant,Chlorophytum comosum Variegatum
P1035,관엽 Foliage,클로로피텀 봉니,Bonnie Spider Plant,Chlorophytum comosum Bonnie
P1036,관엽 Foliage,옥살리스 트리앙굴라리스,Purple Shamrock,Oxalis triangularis
P1037,관엽 Foliage,자바후추,Java Pepper,Piper crocatum
P1038,관엽 Foliage,레드루브라,Fittonia Ruby,Fittonia Ruby Red
P1039,관엽 Foliage,자미오쿨카스 레이븐,Raven ZZ,Zamioculcas zamiifolia Raven
P1040,관엽 Foliage,무늬고무나무,Variegated Rubber Tree,Ficus elastica Ruby
P1041,꽃 Flowering,칼리브라코아,Million Bells,Calibrachoa hybrida
P1042,꽃 Flowering,뉴기니아임파첸스,New Guinea Impatiens,Impatiens hawkeri
P1043,꽃 Flowering,노랑코스모스,Yellow Cosmos,Cosmos sulphureus
P1044,꽃 Flowering,프리뮬러 말라코이데스,Fairy Primrose,Primula malacoides
P1045,꽃 Flowering,스위트피,Sweet Pea,Lathyrus odoratus
P1046,꽃 Flowering,꽃담배,Flowering Tobacco,Nicotiana alata
P1047,꽃 Flowering,가일라르디아,Blanket Flower,Gaillardia aristata
P1048,꽃 Flowering,코레옵시스,Tickseed,Coreopsis grandiflora
P1049,꽃 Flowering,샤스타데이지,Shasta Daisy,Leucanthemum superbum
P1050,꽃 Flowering,브라키코메,Swan River Daisy,Brachyscome iberidifolia
P1051,꽃 Flowering,블루살비아,Blue Salvia,Salvia farinacea
P1052,꽃 Flowering,멕시칸세이지,Mexican Bush Sage,Salvia leucantha
P1053,꽃 Flowering,니겔라,Love-in-a-Mist,Nigella damascena
P1054,꽃 Flowering,접시꽃,Hollyhock,Alcea rosea
P1055,꽃 Flowering,숙근안개,Perennial Baby's Breath,Gypsophila elegans
P1056,꽃 Flowering,촛불맨드라미,Plume Celosia,Celosia argentea plumosa
P1057,꽃 Flowering,색비름,Joseph's Coat,Amaranthus tricolor
P1058,꽃 Flowering,봉선화,Garden Balsam,Impatiens balsamina
P1059,꽃 Flowering,분꽃,Four O'Clock,Mirabilis jalapa
P1060,꽃 Flowering,꽃기생초,Plains Coreopsis,Coreopsis tinctoria
P1061,꽃 Flowering,스타티스,Statice,Limonium sinuatum
P1062,꽃 Flowering,맥문동꽃,Lilyturf Flower,Liriope muscari Flower
P1063,꽃 Flowering,꼬리풀,Speedwell,Veronica spicata
P1064,꽃 Flowering,숙근샐비어,Woodland Sage,Salvia nemorosa
P1065,꽃 Flowering,아가스타체,Anise Hyssop,Agastache foeniculum
P1066,꽃 Flowering,리시마키아,Yellow Loosestrife,Lysimachia punctata
P1067,꽃 Flowering,가우라,Whirling Butterflies,Oenothera lindheimeri
P1068,꽃 Flowering,낮달맞이꽃,Pink Evening Primrose,Oenothera speciosa
P1069,꽃 Flowering,루드베키아 골드스텀,Goldsturm,Rudbeckia fulgida Goldsturm
P1070,꽃 Flowering,제비붓꽃,Rabbit-ear Iris,Iris laevigata
P1071,꽃 Flowering,수염패랭이,Sweet William,Dianthus barbatus
P1072,꽃 Flowering,비누풀,Soapwort,Saponaria officinalis
P1073,꽃 Flowering,루나리아,Honesty,Lunaria annua
P1074,꽃 Flowering,꽃토끼풀,Crimson Clover,Trifolium incarnatum
P1075,꽃 Flowering,꽃잔디무리,Creeping Phlox,Phlox stolonifera
P1076,꽃 Flowering,펜스테몬,Beardtongue,Penstemon barbatus
P1077,꽃 Flowering,기생초,Garden Tickseed,Coreopsis verticillata
P1078,꽃 Flowering,해국,Seashore Aster,Aster spathulifolius
P1079,꽃 Flowering,브로왈리아,Bush Violet,Browallia speciosa
P1080,꽃 Flowering,꽃기린무늬,Thai Crown of Thorns,Euphorbia milii Thai
P1081,꽃 Flowering,꽃베고니아 드래곤윙,Dragon Wing Begonia,Begonia Dragon Wing
P1082,꽃 Flowering,앙겔로니아,Summer Snapdragon,Angelonia angustifolia
P1083,꽃 Flowering,수퍼벨스,Superbells,Calibrachoa Superbells
P1084,꽃 Flowering,꽃토끼,Bunny Ears Cyclamen,Cyclamen persicum Victoria
P1085,꽃 Flowering,꽃부추,Chinese Chive Flower,Allium tuberosum
P1086,다육 Succulent,에케베리아 라울,Echeveria Raul,Echeveria Raul
P1087,다육 Succulent,에케베리아 로라,Echeveria Lola,Echeveria Lola
P1088,다육 Succulent,에케베리아 데렌베르기,Painted Lady,Echeveria derenbergii
P1089,다육 Succulent,에케베리아 셋창,Setosa Deminuta,Echeveria setosa
P1090,다육 Succulent,그랍토베리아,Graptoveria,Graptoveria Fred Ives
P1091,다육 Succulent,세덤 누스바우머,Coppertone Stonecrop,Sedum nussbaumerianum
P1092,다육 Succulent,세덤 다시필룸,Corsican Stonecrop,Sedum dasyphyllum
P1093,다육 Succulent,크라술라 후회,Propeller Plant,Crassula falcata
P1094,다육 Succulent,칼랑코에 톱시터비,Paddle Plant,Kalanchoe luciae
P1095,다육 Succulent,칼랑코에 밀레포도,Millot Kalanchoe,Kalanchoe millotii
P1096,다육 Succulent,하월시아 옵투사,Cushion Aloe,Haworthia cooperi
P1097,다육 Succulent,하월시아 레투사,Star Window Plant,Haworthia retusa
P1098,다육 Succulent,하월시아 리미폴리아,Fairy Washboard,Haworthia limifolia
P1099,다육 Succulent,하월시아 트룬카타,Haworthia Truncata,Haworthia truncata
P1100,다육 Succulent,알로에 주브레,Tiger Tooth Aloe,Aloe juvenna
P1101,다육 Succulent,알로에 폴리필라,Spiral Aloe,Aloe polyphylla
P1102,다육 Succulent,세네시오 돌고래,String of Dolphins,Curio Hippogriff
P1103,다육 Succulent,세네시오 립스틱,Vertical Leaf Senecio,Senecio crassissimus
P1104,다육 Succulent,프리티아,Ice Plant,Frithia pulchra
P1105,다육 Succulent,아데니움,Desert Rose,Adenium obesum
P1106,다육 Succulent,파키포디움,Madagascar Palm,Pachypodium lamerei
P1107,다육 Succulent,유포르비아 오벳사,Baseball Plant,Euphorbia obesa
P1108,다육 Succulent,유포르비아 티루칼리,Firesticks,Euphorbia tirucalli
P1109,다육 Succulent,페락토리아,Karoo Rose,Lapidaria margaretae
P1110,다육 Succulent,오르베아,Starfish Flower,Orbea variegata
P1111,다육 Succulent,모나델리움,Monadenium,Euphorbia neriifolia
P1112,다육 Succulent,아가베 파리,Butterfly Agave,Agave potatorum
P1113,다육 Succulent,두들레야,Chalk Dudleya,Dudleya brittonii
P1114,다육 Succulent,세덤 마트로나,Matrona Sedum,Hylotelephium Matrona
P1115,다육 Succulent,트리코디아데마,Mini Desert Rose,Trichodiadema densum
P1116,선인장 Cactus,난봉옥,Astrophytum Ornatum,Astrophytum ornatum
P1117,선인장 Cactus,마밀라리아 하니아나,Old Lady Cactus,Mammillaria hahniana
P1118,선인장 Cactus,마밀라리아 그라실리스,Thimble Cactus,Mammillaria gracilis
P1119,선인장 Cactus,레부티아,Crown Cactus,Rebutia minuscula
P1120,선인장 Cactus,에키놉시스,Sea Urchin Cactus,Echinopsis oxygona
P1121,선인장 Cactus,에키놉시스 하마투스,Torch Cactus,Echinopsis huascha
P1122,선인장 Cactus,용신목,Blue Torch,Pilosocereus pachycladus
P1123,선인장 Cactus,백운금,Old Man Cactus,Cephalocereus senilis
P1124,선인장 Cactus,에스포스토아,Peruvian Old Man,Espostoa lanata
P1125,선인장 Cactus,디스코칵투스,Disco Cactus,Discocactus horstii
P1126,선인장 Cactus,멜로칵투스,Turk's Cap Cactus,Melocactus matanzanus
P1127,선인장 Cactus,백단,Peanut Cactus,Echinopsis chamaecereus Lutea
P1128,선인장 Cactus,마밀라리아 플룸,Feather Cactus,Mammillaria plumosa
P1129,선인장 Cactus,레피스미움 크루시포르메,Rhipsalis Cruciform,Lepismium cruciforme
P1130,선인장 Cactus,오레오케레우스,Old Man of the Andes,Oreocereus celsianus
P1131,선인장 Cactus,위스노칵투스,Whisker Cactus,Weberocereus tunilla
P1132,난초 Orchid,팔레놉시스 미니,Mini Moth Orchid,Phalaenopsis Little Gem
P1133,난초 Orchid,팔레놉시스 스키렐리아나,Fragrant Phalaenopsis,Phalaenopsis schilleriana
P1134,난초 Orchid,덴드로비움 팔레놉시스,Phalaenopsis-type Dendrobium,Dendrobium phalaenopsis
P1135,난초 Orchid,덴드로비움 킹기아눔,Pink Rock Orchid,Dendrobium kingianum
P1136,난초 Orchid,온시디움 트윙클,Twinkle Orchid,Oncidium Twinkle
P1137,난초 Orchid,카틀레야 미니,Mini Cattleya,Cattleya walkeriana
P1138,난초 Orchid,프라그미페디움,Phragmipedium,Phragmipedium besseae
P1139,난초 Orchid,젤라토,Zygopetalum,Zygopetalum maculatum
P1140,난초 Orchid,막실라리아,Coconut Orchid,Maxillaria tenuifolia
P1141,난초 Orchid,브라시아,Spider Orchid,Brassia verrucosa
P1142,난초 Orchid,덴드로키럼,Necklace Orchid,Dendrochilum cobbianum
P1143,난초 Orchid,불보필룸,Bulbophyllum,Bulbophyllum lobbii
P1144,난초 Orchid,마스데발리아,Kite Orchid,Masdevallia coccinea
P1145,난초 Orchid,에피덴드럼,Crucifix Orchid,Epidendrum radicans
P1146,난초 Orchid,리카스테,Lycaste,Lycaste aromatica
P1147,난초 Orchid,콜만니아,Coelogyne,Coelogyne cristata
P1148,난초 Orchid,마코데스,Jewel Orchid Macodes,Macodes petola
P1149,조경수 Tree,꽃산딸나무,Flowering Dogwood,Cornus florida
P1150,조경수 Tree,마가목,Mountain Ash,Sorbus commixta
P1151,조경수 Tree,팥배나무,Korean Mountain Ash,Aria alnifolia
P1152,조경수 Tree,수양벚나무,Weeping Cherry,Prunus pendula
P1153,조경수 Tree,산벚나무,Sargent Cherry,Prunus sargentii
P1154,조경수 Tree,모감주나무,Golden Rain Tree,Koelreuteria paniculata
P1155,조경수 Tree,산사나무,Hawthorn,Crataegus pinnatifida
P1156,조경수 Tree,은단풍,Silver Maple,Acer saccharinum
P1157,조경수 Tree,가죽나무,Tree of Heaven,Ailanthus altissima
P1158,조경수 Tree,들메나무,Manchurian Ash,Fraxinus mandshurica
P1159,조경수 Tree,은사시나무,Korean Aspen,Populus tomentiglandulosa
P1160,조경수 Tree,황금사시,Golden Poplar,Populus alba Pyramidalis
P1161,조경수 Tree,박달나무,Korean Birch,Betula schmidtii
P1162,조경수 Tree,굴참나무,Oriental Cork Oak,Quercus variabilis
P1163,조경수 Tree,신갈나무,Mongolian Oak,Quercus mongolica
P1164,조경수 Tree,붉가시나무,Red-bark Oak,Quercus acuta
P1165,조경수 Tree,구실잣밤나무,Chinquapin,Castanopsis sieboldii
P1166,관목 Shrub,산철쭉,Korean Azalea,Rhododendron yedoense
P1167,관목 Shrub,떡갈잎수국,Oakleaf Hydrangea,Hydrangea quercifolia
P1168,관목 Shrub,산개나리,Weeping Forsythia,Forsythia suspensa
P1169,관목 Shrub,죽단화,Double Kerria,Kerria japonica Pleniflora
P1170,관목 Shrub,풀명자,Japanese Quince,Chaenomeles japonica
P1171,관목 Shrub,말발도리,Deutzia,Deutzia parviflora
P1172,관목 Shrub,팥꽃나무,Lilac Daphne,Daphne genkwa
P1173,관목 Shrub,서향,Winter Daphne,Daphne odora
P1174,관목 Shrub,백서향,Korean Daphne,Daphne kiusiana
P1175,관목 Shrub,꽃석류,Dwarf Pomegranate,Punica granatum Nana
P1176,관목 Shrub,공조팝나무,Reeves Spiraea,Spiraea cantoniensis
P1177,관목 Shrub,말오줌때,Bladdernut,Euscaphis japonica
P1178,관목 Shrub,뜰보리수,Cherry Elaeagnus,Elaeagnus multiflora
P1179,관목 Shrub,박태기나무,Chinese Redbud,Cercis chinensis
P1180,관목 Shrub,순비기나무,Beach Vitex,Vitex rotundifolia
P1181,관목 Shrub,좀꽝꽝,Dwarf Japanese Holly,Ilex crenata Convexa
P1182,관목 Shrub,황금측백,Golden Arborvitae Shrub,Thuja occidentalis Golden Globe
P1183,관목 Shrub,마취목,Japanese Andromeda,Pieris japonica
P1184,관목 Shrub,길마가지나무,Early Honeysuckle,Lonicera harae
P1185,관목 Shrub,좀목형,Chaste Tree,Vitex negundo
P1186,관목 Shrub,순비기,Simpleleaf Chastetree,Vitex trifolia
P1187,침엽수 Conifer,종비나무,Korean Spruce,Picea koraiensis
P1188,침엽수 Conifer,레바논시더,Cedar of Lebanon,Cedrus libani
P1189,침엽수 Conifer,방울솔,Bishop Pine,Pinus muricata
P1190,침엽수 Conifer,실화백,Threadleaf Cypress,Chamaecyparis pisifera Filifera
P1191,침엽수 Conifer,황금편백,Golden Hinoki Cypress,Chamaecyparis obtusa Nana Aurea
P1192,침엽수 Conifer,눈주목,Spreading Yew,Taxus cuspidata Nana
P1193,자생초 Native,꿩의다리,Meadow Rue,Thalictrum aquilegiifolium
P1194,자생초 Native,노루오줌,Chinese Astilbe,Astilbe rubra
P1195,자생초 Native,바람꽃,Anemone,Anemone narcissiflora
P1196,자생초 Native,꿩의바람꽃,Wood Anemone,Anemone raddeana
P1197,자생초 Native,변산바람꽃,Byeonsan Winter Aconite,Eranthis byunsanensis
P1198,자생초 Native,현호색,Corydalis,Corydalis remota
P1199,자생초 Native,족도리풀,Wild Ginger,Asarum sieboldii
P1200,자생초 Native,앵초꽃,Siebold Primrose,Primula jesoana
P1201,자생초 Native,애기똥풀,Greater Celandine,Chelidonium majus
P1202,자생초 Native,노랑제비꽃,Yellow Violet,Viola orientalis
P1203,자생초 Native,광대나물,Henbit,Lamium amplexicaule
P1204,자생초 Native,꿀풀,Self-heal,Prunella vulgaris
P1205,자생초 Native,익모초,Motherwort,Leonurus japonicus
P1206,자생초 Native,우산나물,Umbrella Plant,Syneilesis palmata
P1207,자생초 Native,머위,Butterbur,Petasites japonicus
P1208,자생초 Native,금불초,Japanese Elecampane,Inula japonica
P1209,자생초 Native,뚝갈,White Patrinia,Patrinia villosa
P1210,자생초 Native,돌단풍,Aceriphyllum,Mukdenia rossii
P1211,자생초 Native,범의귀,Fortune Saxifrage,Saxifraga fortunei
P1212,자생초 Native,동자꽃무리,Superb Pink,Silene cognata
P1213,자생초 Native,제비동자꽃,Fringed Campion,Lychnis wilfordii
P1214,자생초 Native,동강할미꽃,Donggang Pasque Flower,Pulsatilla tongkangensis
P1215,자생초 Native,일월비비추,Ilwol Hosta,Hosta capitata
P1216,자생초 Native,용둥굴레,Whorled Solomon's Seal,Polygonatum inflatum
P1217,자생초 Native,윤판나물,Yellow Fairy Bells,Disporum uniflorum
P1218,허브 Herb,초콜릿민트,Chocolate Mint,Mentha piperita Chocolate
P1219,허브 Herb,오데코롱민트,Eau de Cologne Mint,Mentha citrata
P1220,허브 Herb,시트로넬라,Citronella Grass,Cymbopogon nardus
P1221,허브 Herb,크리핑타임,Creeping Thyme,Thymus serpyllum
P1222,허브 Herb,마시멜로우,Marshmallow,Althaea officinalis
P1223,허브 Herb,세인트존스워트,St. John's Wort,Hypericum perforatum
P1224,허브 Herb,우슬초,Common Hyssop,Hyssopus officinalis Herb
P1225,허브 Herb,레몬제라늄,Lemon Geranium,Pelargonium crispum
P1226,허브 Herb,타이바질,Thai Basil,Ocimum basilicum Thai
P1227,허브 Herb,시나몬바질,Cinnamon Basil,Ocimum basilicum Cinnamon
P1228,허브 Herb,홀리바질,Holy Basil,Ocimum tenuiflorum
P1229,허브 Herb,커먼세이지,Garden Sage,Salvia officinalis Garden
P1230,허브 Herb,골든세이지,Golden Sage,Salvia officinalis Icterina
P1231,허브 Herb,윈터민트,Corsican Mint,Mentha requienii
P1232,허브 Herb,진저민트,Ginger Mint,Mentha gracilis
P1233,장미 Rose,생열귀나무,Prickly Rose,Rosa davurica
P1234,장미 Rose,인가목,Amur Rose,Rosa acicularis
P1235,장미 Rose,붉은인가목,Marret Rose,Rosa marretii
P1236,장미 Rose,노랑해당화,Yellow Rugosa,Rosa xanthina
P1237,장미 Rose,꽃장미 아이스버그,Iceberg Rose,Rosa Iceberg
P1238,장미 Rose,꽃장미 피스,Peace Rose,Rosa Peace
P1239,장미 Rose,꽃장미 그린슬리브스,Green Rose,Rosa chinensis Viridiflora
P1240,장미 Rose,앤티크로즈,Damask Rose,Rosa damascena
P1241,장미 Rose,알바로즈,White Rose of York,Rosa alba
P1242,장미 Rose,센티폴리아,Cabbage Rose,Rosa centifolia
P1243,장미 Rose,티로즈,Tea Rose,Rosa odorata
P1244,장미 Rose,스탠다드로즈,Standard Rose,Rosa Standard
P1245,장미 Rose,잉글리시로즈,English Rose,Rosa Austin
P1246,장미 Rose,줄리엣로즈,Juliet Rose,Rosa Juliet
P1247,장미 Rose,레이디뱅크스,Lady Banks Rose,Rosa banksiae
P1248,장미 Rose,모스로즈,Moss Rose,Rosa muscosa
P1249,장미 Rose,황금장미,Father Hugo Rose,Rosa hugonis
P1250,장미 Rose,용가시나무,Maximowicz Rose,Rosa maximowicziana
P1251,장미 Rose,제주찔레,Jeju Rose,Rosa Jeju
P1252,장미 Rose,꽃장미 블루문,Blue Moon Rose,Rosa Blue Moon
P1253,장미 Rose,꽃장미 잉그리드버그만,Ingrid Bergman,Rosa Ingrid Bergman
P1254,장미 Rose,꽃장미 더블딜라이트,Double Delight,Rosa Double Delight
P1255,장미 Rose,꽃장미 놋라리,Knock Out Rose,Rosa Knock Out
P1256,장미 Rose,꽃장미 그라함토마스,Graham Thomas,Rosa Graham Thomas
P1257,장미 Rose,꽃장미 문스톤,Moonstone Rose,Rosa Moonstone
P1258,장미 Rose,꽃장미 파스칼리,Pascali Rose,Rosa Pascali
P1259,장미 Rose,꽃장미 미스터링컨,Mister Lincoln,Rosa Mister Lincoln
P1260,장미 Rose,꽃장미 퀸엘리자베스,Queen Elizabeth Rose,Rosa Queen Elizabeth
P1261,장미 Rose,꽃장미 신데렐라,Cinderella Rose,Rosa Cinderella
P1262,장미 Rose,꽃장미 에덴,Eden Rose,Rosa Eden
P1263,장미 Rose,꽃장미 파파메이앙,Papa Meilland,Rosa Papa Meilland
P1264,장미 Rose,꽃장미 애브라함다비,Abraham Darby,Rosa Abraham Darby
P1265,구근 Bulb,칸나,Canna Lily,Canna indica
P1266,구근 Bulb,백합 카사블랑카,Casa Blanca Lily,Lilium Casa Blanca
P1267,구근 Bulb,섬말나리,Ulleungdo Lily,Lilium hansonii
P1268,구근 Bulb,솔나리,Pink Tiger Lily,Lilium cernuum
P1269,구근 Bulb,골든벨원추리,Golden Daylily,Hemerocallis Stella de Oro
P1270,구근 Bulb,시클라멘 헤데리폴리움,Ivy-leaved Cyclamen,Cyclamen hederifolium
P1271,그라스 Grass,리틀블루스템,Little Bluestem,Schizachyrium scoparium
P1272,그라스 Grass,무늬억새,Variegated Silver Grass,Miscanthus sinensis Variegatus
P1273,그라스 Grass,코리안페더리드그라스,Korean Feather Reed,Calamagrostis brachytricha
P1274,그라스 Grass,무늬제비꼬리,Golden Hakone Grass,Hakonechloa macra Aureola
P1275,그라스 Grass,기름사초,Palm Sedge,Carex muskingumensis
P1276,그라스 Grass,기장,Broomcorn Millet,Panicum miliaceum
P1277,그라스 Grass,강아지풀,Green Foxtail,Setaria viridis
P1278,지피 Groundcover,흑룡,Black Mondo Grass,Ophiopogon planiscapus Nigrescens
P1279,지피 Groundcover,무늬아주가,Variegated Bugleweed,Ajuga reptans Variegata
P1280,지피 Groundcover,리시마키아 누물라리아,Creeping Jenny,Lysimachia nummularia
P1281,지피 Groundcover,황금리시마키아,Golden Creeping Jenny,Lysimachia nummularia Aurea
P1282,지피 Groundcover,세덤 안젤리나,Angelina Stonecrop,Sedum rupestre Angelina
P1283,지피 Groundcover,세덤 드래곤스블러드,Dragon's Blood Sedum,Sedum spurium
P1284,지피 Groundcover,우단동자,Rose Campion,Silene coronaria
P1285,지피 Groundcover,섬기린초,Takesima Stonecrop,Phedimus takesimensis
P1286,지피 Groundcover,버바스쿰,Mullein,Verbascum thapsus
P1287,지피 Groundcover,무늬빈카,Variegated Periwinkle,Vinca major Variegata
P1288,지피 Groundcover,빈카 마이너,Lesser Periwinkle,Vinca minor
P1289,지피 Groundcover,리시마키아 파이어크래커,Firecracker Loosestrife,Lysimachia ciliata
P1290,지피 Groundcover,셀라기넬라 지피,Trailing Spikemoss,Selaginella uncinata
P1291,지피 Groundcover,델로스페르마 지피,Trailing Ice Plant,Delosperma nubigenum
P1292,수생 Aquatic,열대수련,Tropical Water Lily,Nymphaea capensis
P1293,수생 Aquatic,각시수련,Pygmy Water Lily,Nymphaea tetragona
P1294,수생 Aquatic,마름,Water Chestnut,Trapa japonica
P1295,수생 Aquatic,생이가래,Water Spangles,Salvinia natans
P1296,수생 Aquatic,물칸나,Water Canna,Thalia dealbata
P1297,수생 Aquatic,꽃창포수생,Water Iris,Iris ensata Aquatic
P1298,수생 Aquatic,벗풀,Threeleaf Arrowhead,Sagittaria trifolia
P1299,양치 Fern,프테리스 무늬,Silver Ribbon Fern,Pteris ensiformis
P1300,양치 Fern,공작고사리,Northern Maidenhair,Adiantum pedatum
P1301,양치 Fern,도깨비고비,Japanese Holly Fern,Cyrtomium falcatum
P1302,양치 Fern,오색고사리,Autumn Fern,Dryopteris erythrosora
P1303,양치 Fern,일본물고사리,Japanese Painted Fern,Athyrium niponicum Pictum
P1304,양치 Fern,참새발고사리,Lady Fern,Athyrium filix-femina
P1305,양치 Fern,석위,Felt Fern,Pyrrosia lingua
P1306,양치 Fern,줄고사리,Sword Fern,Nephrolepis cordifolia
P1307,양치 Fern,더피고사리,Duffii Fern,Nephrolepis Duffii
P1308,양치 Fern,크로커다일펀,Crocodile Fern,Microsorum musifolium
P1309,양치 Fern,박쥐란 슈퍼범,Staghorn Fern,Platycerium superbum
P1310,양치 Fern,고사리,Bracken,Pteridium aquilinum
P1311,양치 Fern,우드워디아,Chain Fern,Woodwardia japonica
P1312,야자 Palm,대나무야자,Bamboo Palm,Chamaedorea seifrizii
P1313,야자 Palm,종려죽,Slender Lady Palm,Rhapis humilis
P1314,야자 Palm,트리아나이야자,Triangle Palm,Dypsis decaryi
P1315,야자 Palm,부채야자,Chinese Fan Palm,Livistona chinensis
P1316,야자 Palm,실야자,Windmill Palm,Trachycarpus fortunei
P1317,야자 Palm,보틀야자,Bottle Palm,Hyophorbe lagenicaulis
P1318,야자 Palm,크리스마스야자,Christmas Palm,Adonidia merrillii
P1319,야자 Palm,코코넛야자,Coconut Palm,Cocos nucifera
P1320,야자 Palm,멕시코소철,Dioon,Dioon edule
P1321,덩굴 Vine,중국등나무,Chinese Wisteria,Wisteria sinensis
P1322,덩굴 Vine,으아리,Korean Clematis,Clematis terniflora
P1323,덩굴 Vine,미국능소화,Trumpet Vine,Campsis radicans
P1324,덩굴 Vine,붉은인동,Trumpet Honeysuckle,Lonicera sempervirens
P1325,덩굴 Vine,개머루,Porcelain Berry,Ampelopsis glandulosa
P1326,덩굴 Vine,미국담쟁이,Virginia Creeper,Parthenocissus quinquefolia
P1327,덩굴 Vine,멀꿀,Stauntonia,Stauntonia hexaphylla
P1328,덩굴 Vine,백화등,Star Jasmine,Trachelospermum jasminoides
P1329,덩굴 Vine,호박덩굴,Ornamental Gourd,Cucurbita pepo Ornamental
P1330,덩굴 Vine,여주,Bitter Melon,Momordica charantia
P1331,대나무 Bamboo,솜대,Henon Bamboo,Phyllostachys nigra Henonis
P1332,대나무 Bamboo,섬조릿대,Kuma Bamboo,Sasa veitchii
P1333,대나무 Bamboo,무늬조릿대,Dwarf Whitestripe Bamboo,Pleioblastus variegatus
P1334,대나무 Bamboo,해장죽,Male Bamboo,Arundinaria simonii
P1335,식충 Carnivorous,노랑사라세니아,Yellow Pitcher Plant,Sarracenia flava
P1336,식충 Carnivorous,다링토니아,Cobra Lily,Darlingtonia californica
P1337,식충 Carnivorous,세팔로투스,Albany Pitcher Plant,Cephalotus follicularis
P1338,식충 Carnivorous,헬리암포라,Sun Pitcher,Heliamphora nutans
P1339,식충 Carnivorous,비블리스,Rainbow Plant,Byblis liniflora
P1340,식충 Carnivorous,드로소필룸,Portuguese Sundew,Drosophyllum lusitanicum
P1341,식충 Carnivorous,무늬파리지옥,Red Dragon Flytrap,Dionaea muscipula Akai Ryu
P1342,과실수 Fruit,라즈베리,Raspberry,Rubus idaeus
P1343,과실수 Fruit,복분자,Korean Black Raspberry,Rubus coreanus
P1344,과실수 Fruit,블랙베리,Blackberry,Rubus fruticosus
P1345,과실수 Fruit,구스베리,Gooseberry,Ribes uva-crispa
P1346,과실수 Fruit,커런트,Red Currant,Ribes rubrum
P1347,과실수 Fruit,보리수열매,Goumi Berry,Elaeagnus multiflora Fruit
P1348,과실수 Fruit,아로니아,Chokeberry,Aronia melanocarpa
P1349,과실수 Fruit,산돌배,Ussurian Pear,Pyrus ussuriensis
P1350,과실수 Fruit,꾸지뽕나무,Silkworm Thorn,Maclura tricuspidata
P1351,과실수 Fruit,뽕나무,White Mulberry,Morus alba
P1352,과실수 Fruit,산딸기,Korean Raspberry,Rubus crataegifolius
P1353,열대과실 Tropical,롱간,Longan,Dimocarpus longan
P1354,열대과실 Tropical,잭프루트,Jackfruit,Artocarpus heterophyllus
P1355,열대과실 Tropical,두리안,Durian,Durio zibethinus
P1356,열대과실 Tropical,용안,Dragon Eye,Dimocarpus longan Fruit
P1357,열대과실 Tropical,아세로라,Acerola Cherry,Malpighia emarginata
P1358,열대과실 Tropical,타마린드,Tamarind,Tamarindus indica
P1359,열대과실 Tropical,살락,Snake Fruit,Salacca zalacca
P1360,열대과실 Tropical,커스터드애플,Custard Apple,Annona reticulata
P1361,열대과실 Tropical,슈가애플,Sugar Apple,Annona squamosa
P1362,열대과실 Tropical,사포딜라,Sapodilla,Manilkara zapota
P1363,열대과실 Tropical,롱콩,Langsat,Lansium parasiticum
P1364,열대과실 Tropical,펫사이,Pitaya Yellow,Selenicereus megalanthus
P1365,열대과실 Tropical,바닐라,Vanilla Orchid,Vanilla planifolia
P1366,열대과실 Tropical,계피나무,Cinnamon Tree,Cinnamomum verum
P1367,열대과실 Tropical,후추나무,Black Pepper,Piper nigrum
P1368,열대과실 Tropical,알로에베라,Aloe Vera,Aloe barbadensis
P1369,난초 Orchid,춘란 소심,Green-lip Spring Orchid,Cymbidium goeringii Sosim
P1370,난초 Orchid,춘란 두화,Peony-form Spring Orchid,Cymbidium goeringii Duohua
P1371,난초 Orchid,춘란 색화,Colored Spring Orchid,Cymbidium goeringii Sehua
P1372,난초 Orchid,중국춘란,Chinese Spring Orchid,Cymbidium goeringii forma chinense
P1373,난초 Orchid,건란,Four-season Orchid,Cymbidium ensifolium
P1374,난초 Orchid,소심건란,Green Four-season Orchid,Cymbidium ensifolium Sosim
P1375,난초 Orchid,철골소심,Tiegu Sosim Orchid,Cymbidium ensifolium Tiegusuxin
P1376,난초 Orchid,사계란,Everblooming Orchid,Cymbidium ensifolium Sagye
P1377,난초 Orchid,보세란,Chinese Cymbidium,Cymbidium sinense
P1378,난초 Orchid,묵란,Ink Orchid,Cymbidium sinense forma nigrum
P1379,난초 Orchid,관음소심,Guanyin Sosim Orchid,Cymbidium sinense Guanyin
P1380,난초 Orchid,대명란,Daimei Orchid,Cymbidium Daimei
P1381,난초 Orchid,혜란,Nine-flower Orchid,Cymbidium faberi
P1382,난초 Orchid,세엽혜란,Narrow-leaf Hui Orchid,Cymbidium faberi forma angustifolium
P1383,난초 Orchid,죽백란,Bamboo-leaf Cymbidium,Cymbidium lancifolium
P1384,난초 Orchid,흑난초,Black Cymbidium,Cymbidium nipponicum
P1385,난초 Orchid,보춘화,Bochunhwa Orchid,Cymbidium goeringii var. bochunhwa
P1386,난초 Orchid,여름새우난초,Summer Calanthe,Calanthe reflexa
P1387,난초 Orchid,신안새우난초,Shinan Calanthe,Calanthe aristulifera
P1388,난초 Orchid,한라새우난초,Halla Calanthe,Calanthe Takane
P1389,난초 Orchid,석곡 홍순,Red-lip Dendrobium,Dendrobium moniliforme forma
P1390,난초 Orchid,금릉변,Golden Dendrobium,Dendrobium moniliforme Geumneung
P1391,난초 Orchid,풍란 소철,Wind Orchid Fuiran,Neofinetia falcata Fuiran
P1392,난초 Orchid,지네발란,Centipede Orchid,Cleisostoma scolopendrifolium
P1393,난초 Orchid,콩짜개란,Bean-leaf Orchid,Bulbophyllum drymoglossum
P1394,난초 Orchid,금난초,Golden Cephalanthera,Cephalanthera falcata
P1395,난초 Orchid,은난초,White Cephalanthera,Cephalanthera erecta
P1396,난초 Orchid,은대난초,Long-bract Cephalanthera,Cephalanthera longibracteata
P1397,난초 Orchid,나리난초,Makino Liparis,Liparis makinoana
P1398,난초 Orchid,옥잠난초,Kumokiri Liparis,Liparis kumokiri
P1399,난초 Orchid,닭의난초,Thunberg Epipactis,Epipactis thunbergii
P1400,난초 Orchid,사철란,Evergreen Jewel Orchid,Goodyera schlechtendaliana
P1401,난초 Orchid,섬사철란,Island Jewel Orchid,Goodyera maximowicziana
P1402,난초 Orchid,방울새란,Small Pogonia,Pogonia minor
P1403,난초 Orchid,큰방울새란,Japanese Pogonia,Pogonia japonica
P1404,난초 Orchid,제비난초,Green Fringed Orchid,Platanthera densa
P1405,난초 Orchid,잠자리난초,Dragonfly Orchid,Habenaria linearifolia
P1406,난초 Orchid,천마,Gastrodia,Gastrodia elata
P1407,난초 Orchid,으름난초,Cyrtosia Orchid,Cyrtosia septentrionalis
P1408,난초 Orchid,나비난초,Butterfly Ponerorchis,Ponerorchis graminifolia
P1409,난초 Orchid,팔레놉시스 스투아르티아나,Stuart's Moth Orchid,Phalaenopsis stuartiana
P1410,난초 Orchid,팔레놉시스 벨리나,Bellina Orchid,Phalaenopsis bellina
P1411,난초 Orchid,팔레놉시스 비올라케아,Violet Moth Orchid,Phalaenopsis violacea
P1412,난초 Orchid,팔레놉시스 에쿠에스트리스,Horse Moth Orchid,Phalaenopsis equestris
P1413,난초 Orchid,팔레놉시스 코르누케르비,Antler Moth Orchid,Phalaenopsis cornu-cervi
P1414,난초 Orchid,팔레놉시스 아프로디테,Aphrodite Moth Orchid,Phalaenopsis aphrodite
P1415,난초 Orchid,팔레놉시스 기간테아,Giant Moth Orchid,Phalaenopsis gigantea
P1416,난초 Orchid,팔레놉시스 만니,Manni Orchid,Phalaenopsis mannii
P1417,난초 Orchid,덴드로비움 아그레가툼,Golden Bunch Dendrobium,Dendrobium lindleyi
P1418,난초 Orchid,덴드로비움 아필룸,Leafless Dendrobium,Dendrobium aphyllum
P1419,난초 Orchid,덴드로비움 크리소톡숨,Golden Arch Dendrobium,Dendrobium chrysotoxum
P1420,난초 Orchid,덴드로비움 파메리,Farmer Dendrobium,Dendrobium farmeri
P1421,난초 Orchid,덴드로비움 아노스뭄,Honeyscented Dendrobium,Dendrobium anosmum
P1422,난초 Orchid,덴드로비움 비기붐,Cooktown Orchid,Dendrobium bigibbum
P1423,난초 Orchid,덴드로비움 프리물리눔,Primrose Dendrobium,Dendrobium primulinum
P1424,난초 Orchid,덴드로비움 덴시플로룸,Pineapple Dendrobium,Dendrobium densiflorum
P1425,난초 Orchid,덴드로비움 파리시,Parish Dendrobium,Dendrobium parishii
P1426,난초 Orchid,덴드로비움 로디게시,Loddiges Dendrobium,Dendrobium loddigesii
P1427,난초 Orchid,카틀레야 모시아에,Easter Cattleya,Cattleya mossiae
P1428,난초 Orchid,카틀레야 트리아나에,Christmas Cattleya,Cattleya trianae
P1429,난초 Orchid,카틀레야 바르케위치,Warscewicz Cattleya,Cattleya warscewiczii
P1430,난초 Orchid,카틀레야 보우링기아나,Cluster Cattleya,Guarianthe bowringiana
P1431,난초 Orchid,카틀레야 인테르메디아,Intermediate Cattleya,Cattleya intermedia
P1432,난초 Orchid,카틀레야 아우란티아카,Orange Cattleya,Guarianthe aurantiaca
P1433,난초 Orchid,라엘리아 안켑스,Anceps Laelia,Laelia anceps
P1434,난초 Orchid,라엘리아 푸르푸라타,Purple Laelia,Laelia purpurata
P1435,난초 Orchid,브라사볼라 노도사,Lady of the Night,Brassavola nodosa
P1436,난초 Orchid,린콜라엘리아 디그비아나,Digby Orchid,Rhyncholaelia digbyana
P1437,난초 Orchid,프로스테케아 코클레아타,Cockleshell Orchid,Prosthechea cochleata
P1438,난초 Orchid,온시디움 플렉수오숨,Dancing Doll Orchid,Oncidium flexuosum
P1439,난초 Orchid,온시디움 오르니토린쿰,Chocolate Oncidium,Oncidium ornithorhynchum
P1440,난초 Orchid,온시디움 스파켈라툼,Golden Shower Orchid,Oncidium sphacelatum
P1441,난초 Orchid,프시콥시스 파필리오,Butterfly Orchid,Psychopsis papilio
P1442,난초 Orchid,톨룸니아,Equitant Oncidium,Tolumnia variegata
P1443,난초 Orchid,로시오글로숨 그란데,Clown Orchid,Rossioglossum grande
P1444,난초 Orchid,반다 트리콜로르,Tricolor Vanda,Vanda tricolor
P1445,난초 Orchid,반다 산데리아나,Waling-waling,Euanthe sanderiana
P1446,난초 Orchid,반다 미스조아킴,Miss Joaquim Orchid,Papilionanthe Miss Joaquim
P1447,난초 Orchid,아스코센다,Ascocenda,Ascocenda hybrid
P1448,난초 Orchid,리카스테 스키네리,Skinner Lycaste,Lycaste skinneri
P1449,난초 Orchid,앙굴로아,Tulip Orchid,Anguloa uniflora
P1450,난초 Orchid,스탄호페아,Upside-down Orchid,Stanhopea tigrina
P1451,난초 Orchid,카타세툼,Catasetum,Catasetum pileatum
P1452,난초 Orchid,키크노체스,Swan Orchid,Cycnoches chlorochilon
P1453,난초 Orchid,콜로기네 판두라타,Black Orchid,Coelogyne pandurata
P1454,난초 Orchid,콜로기네 플라시다,Fairy Coelogyne,Coelogyne flaccida
P1455,난초 Orchid,막실라리아 바리아빌리스,Variable Maxillaria,Maxillaria variabilis
P1456,난초 Orchid,브라시아 렉스,Rex Spider Orchid,Brassia Rex
P1457,난초 Orchid,마스데발리아 베이치아나,Veitch Masdevallia,Masdevallia veitchiana
P1458,난초 Orchid,드라큘라 밤피라,Vampire Orchid,Dracula vampira
P1459,난초 Orchid,파피오페딜룸 델레나티,Delenat Slipper,Paphiopedilum delenatii
P1460,난초 Orchid,파피오페딜룸 로스차일드,Rothschild Slipper,Paphiopedilum rothschildianum
P1461,난초 Orchid,파피오페딜룸 칼로숨,Callosum Slipper,Paphiopedilum callosum
P1462,난초 Orchid,파피오페딜룸 수하쿨리,Sukhakul Slipper,Paphiopedilum sukhakulii
P1463,난초 Orchid,파피오페딜룸 마우디아에,Maudiae Slipper,Paphiopedilum Maudiae
P1464,난초 Orchid,프라그미페디움 롱기폴리움,Long-leaf Phrag,Phragmipedium longifolium
P1465,난초 Orchid,프라그미페디움 카우다툼,Mandarin Slipper,Phragmipedium caudatum
P1466,난초 Orchid,앙그레쿰,Darwin's Orchid,Angraecum sesquipedale
P1467,난초 Orchid,아에란기스,Comet Orchid,Aerangis fastuosa
P1468,난초 Orchid,플레이오네,Windowsill Orchid,Pleione formosana
P1469,난초 Orchid,투니아,Bamboo Orchid,Thunia alba
P1470,난초 Orchid,디사,Pride of Table Mountain,Disa uniflora
P1471,난초 Orchid,아노엑토칠루스,Golden Jewel Orchid,Anoectochilus roxburghii
P1472,난초 Orchid,오돈토글로숨,Lace Orchid,Odontoglossum crispum
P1473,난초 Orchid,밀토니옵시스 벡실라리아,Flag Pansy Orchid,Miltoniopsis vexillaria
P1474,난초 Orchid,젠고페탈룸 블루,Blue Zygopetalum,Zygopetalum Blue Bird
P1475,관엽 Foliage,호야 오스트랄리스,Australian Wax Plant,Hoya australis
P1476,관엽 Foliage,호야 오보바타,Oval-leaf Hoya,Hoya obovata
P1477,관엽 Foliage,호야 벨라,Miniature Wax Plant,Hoya bella
P1478,관엽 Foliage,호야 마크로필라,Large-leaf Hoya,Hoya macrophylla
P1479,관엽 Foliage,호야 라쿠노사,Cinnamon Hoya,Hoya lacunosa
P1480,관엽 Foliage,호야 쿠르티시,Tiny-leaf Hoya,Hoya curtisii
P1481,관엽 Foliage,호야 와예티,Wayeti Hoya,Hoya wayetii
P1482,관엽 Foliage,호야 크로니아나,Krohn Hoya,Hoya krohniana
P1483,관엽 Foliage,호야 칼리스토필라,Big-leaf Vein Hoya,Hoya callistophylla
P1484,관엽 Foliage,페페로미아 클루시폴리아,Red Edge Peperomia,Peperomia clusiifolia
P1485,관엽 Foliage,페페로미아 그라베올렌스,Ruby Glow Peperomia,Peperomia graveolens
P1486,관엽 Foliage,페페로미아 폴리보트리아,Raindrop Peperomia,Peperomia polybotrya
P1487,관엽 Foliage,페페로미아 니발리스,Nivalis Peperomia,Peperomia nivalis
P1488,관엽 Foliage,페페로미아 돌라브리포르미스,Prayer Pepper,Peperomia dolabriformis
P1489,관엽 Foliage,페페로미아 콜루멜라,Columella Peperomia,Peperomia columella
P1490,관엽 Foliage,페페로미아 세르펜스,Vining Peperomia,Peperomia serpens
P1491,관엽 Foliage,페페로미아 메탈리카,Metallic Peperomia,Peperomia metallica
P1492,관엽 Foliage,베고니아 룩수리안스,Palm Leaf Begonia,Begonia luxurians
P1493,관엽 Foliage,베고니아 보워라에,Eyelash Begonia,Begonia bowerae
P1494,관엽 Foliage,베고니아 리스타다,Listada Begonia,Begonia listada
P1495,관엽 Foliage,베고니아 사이즈모레아에,Fuzzy Begonia,Begonia sizemoreae
P1496,관엽 Foliage,베고니아 코키네아,Angel Wing Begonia,Begonia coccinea
P1497,관엽 Foliage,베고니아 그리폰,Gryphon Begonia,Begonia Gryphon
P1498,관엽 Foliage,안스리움 수페르붐,Bird's Nest Anthurium,Anthurium superbum
P1499,관엽 Foliage,안스리움 레갈레,Regal Anthurium,Anthurium regale
P1500,관엽 Foliage,안스리움 포르게티,Forget Anthurium,Anthurium forgetii
P1501,관엽 Foliage,안스리움 룩수리안스,Velvet Anthurium,Anthurium luxurians
P1502,관엽 Foliage,안스리움 셰르제리아눔,Pigtail Anthurium,Anthurium scherzerianum
P1503,관엽 Foliage,아글라오네마 코스타툼,Spotted Evergreen,Aglaonema costatum
P1504,관엽 Foliage,아글라오네마 레드밸런타인,Red Valentine,Aglaonema Red Valentine
P1505,관엽 Foliage,아글라오네마 스노우화이트,Snow White,Aglaonema Snow White
P1506,관엽 Foliage,아글라오네마 니티둠,Painted Drop Tongue,Aglaonema nitidum
P1507,관엽 Foliage,칼라데아 로세오픽타,Rose Painted Calathea,Goeppertia roseopicta
P1508,관엽 Foliage,칼라데아 리에체이,Lietze Calathea,Goeppertia lietzei
P1509,관엽 Foliage,칼라데아 픽투라타,Pictured Calathea,Goeppertia picturata
P1510,관엽 Foliage,칼라데아 루이자에,Louisa Calathea,Goeppertia louisae
P1511,관엽 Foliage,칼라데아 크로탈리페라,Rattlesnake Ginger,Goeppertia crotalifera
P1512,관엽 Foliage,필로덴드론 스콰미페룸,Red Bristle Philodendron,Philodendron squamiferum
P1513,관엽 Foliage,필로덴드론 마메이,Silver Cloud Philodendron,Philodendron mamei
P1514,관엽 Foliage,필로덴드론 토르툼,Skeletal Philodendron,Philodendron tortum
P1515,관엽 Foliage,필로덴드론 빌리에티아에,Billie Philodendron,Philodendron billietiae
P1516,관엽 Foliage,필로덴드론 비펜니폴리움,Horsehead Philodendron,Philodendron bipennifolium
P1517,관엽 Foliage,필로덴드론 루고숨,Sow's Ear Philodendron,Philodendron rugosum
P1518,관엽 Foliage,필로덴드론 플로우마니,Plowman Philodendron,Philodendron plowmanii
P1519,관엽 Foliage,필로덴드론 기간테움,Giant Philodendron,Philodendron giganteum
P1520,관엽 Foliage,필로덴드론 로조콩고,Rojo Congo,Philodendron Rojo Congo
P1521,관엽 Foliage,필로덴드론 프린스오브오렌지,Prince of Orange,Philodendron Prince of Orange
P1522,관엽 Foliage,알로카시아 쿠프레아,Red Secret Alocasia,Alocasia cuprea
P1523,관엽 Foliage,알로카시아 산데리아나,Sander's Alocasia,Alocasia sanderiana
P1524,관엽 Foliage,알로카시아 웬티,Hardy Elephant Ear,Alocasia wentii
P1525,관엽 Foliage,알로카시아 리갈실드,Regal Shield,Alocasia Regal Shield
P1526,관엽 Foliage,알로카시아 네불라,Nebula Alocasia,Alocasia nebula
P1527,관엽 Foliage,알로카시아 멜로,Rugged Alocasia,Alocasia melo
P1528,관엽 Foliage,싱고니움 웬들란디,Velvet Syngonium,Syngonium wendlandii
P1529,관엽 Foliage,싱고니움 라이,Mini Syngonium,Syngonium rayii
P1530,관엽 Foliage,싱고니움 판다,Panda Syngonium,Syngonium Panda
P1531,관엽 Foliage,드라세나 수르쿨로사,Gold Dust Dracaena,Dracaena surculosa
P1532,관엽 Foliage,드라세나 골디아나,Queen of Dracaenas,Dracaena goldieana
P1533,관엽 Foliage,크테난테 루베르시아나,Bamburanta,Ctenanthe lubbersiana
P1534,관엽 Foliage,시서스 롬비폴리아,Grape Ivy,Cissus rhombifolia
P1535,관엽 Foliage,시서스 디스콜로르,Rex Begonia Vine,Cissus discolor
P1536,관엽 Foliage,테트라스티그마,Chestnut Vine,Tetrastigma voinierianum
P1537,관엽 Foliage,피페르 오르나툼,Celebes Pepper,Piper ornatum
P1538,관엽 Foliage,아펠란드라,Zebra Plant,Aphelandra squarrosa
P1539,관엽 Foliage,스트로빌란테스,Persian Shield,Strobilanthes dyerianus
P1540,관엽 Foliage,파키스타키스,Lollipop Plant,Pachystachys lutea
P1541,관엽 Foliage,산체지아,Sanchezia,Sanchezia speciosa
P1542,관엽 Foliage,라피도포라 크립탄사,Shingle Plant,Rhaphidophora cryptantha
P1543,관엽 Foliage,아미드리움,Monstera-like Vine,Amydrium medium
P1544,관엽 Foliage,페페로미아 카페라타 릴리안,Emerald Ripple,Peperomia caperata Lilian
P1545,관엽 Foliage,칼라데아 벨라,White Fusion,Goeppertia lietzei White Fusion
P1546,관엽 Foliage,마란타 마리셀라,Marisela Prayer Plant,Maranta leuconeura Marisela
P1547,관엽 Foliage,피토니아 핑크엔젤,Pink Angel Nerve Plant,Fittonia albivenis Pink Angel
P1548,꽃 Flowering,크니포피아,Red Hot Poker,Kniphofia uvaria
P1549,꽃 Flowering,트리키르티스,Toad Lily,Tricyrtis hirta
P1550,꽃 Flowering,브루네라,Siberian Bugloss,Brunnera macrophylla
P1551,꽃 Flowering,풀모나리아,Lungwort,Pulmonaria saccharata
P1552,꽃 Flowering,베르게니아,Pigsqueak,Bergenia cordifolia
P1553,꽃 Flowering,게움,Avens,Geum coccineum
P1554,꽃 Flowering,트롤리우스,Globeflower,Trollius europaeus
P1555,꽃 Flowering,일본아네모네,Japanese Anemone,Anemone hupehensis
P1556,꽃 Flowering,산구이소르바,Burnet,Sanguisorba officinalis
P1557,꽃 Flowering,필리펜둘라,Meadowsweet,Filipendula rubra
P1558,꽃 Flowering,유파토리움,Joe-Pye Weed,Eutrochium purpureum
P1559,꽃 Flowering,베르노니아,Ironweed,Vernonia noveboracensis
P1560,꽃 Flowering,헬레니움,Sneezeweed,Helenium autumnale
P1561,꽃 Flowering,헬리옵시스,False Sunflower,Heliopsis helianthoides
P1562,꽃 Flowering,보리지꽃,Turtlehead,Chelone obliqua
P1563,꽃 Flowering,솔리다고,Goldenrod,Solidago canadensis
P1564,꽃 Flowering,아스터 노바에앙글리아에,New England Aster,Symphyotrichum novae-angliae
P1565,꽃 Flowering,에키놉스,Globe Thistle,Echinops ritro
P1566,꽃 Flowering,에린기움,Sea Holly,Eryngium planum
P1567,꽃 Flowering,아스트란티아,Masterwort,Astrantia major
P1568,꽃 Flowering,크나우티아,Field Scabious,Knautia macedonica
P1569,꽃 Flowering,센타우레아 몬타나,Mountain Cornflower,Centaurea montana
P1570,꽃 Flowering,카타난케,Cupid's Dart,Catananche caerulea
P1571,꽃 Flowering,네페타 워커스로우,Catmint,Nepeta faassenii
P1572,꽃 Flowering,바프티시아,False Indigo,Baptisia australis
P1573,꽃 Flowering,암소니아,Blue Star,Amsonia tabernaemontana
P1574,꽃 Flowering,제라늄 로잔,Cranesbill Rozanne,Geranium Rozanne
P1575,꽃 Flowering,제라늄 상귀네움,Bloody Cranesbill,Geranium sanguineum
P1576,꽃 Flowering,시달케아,Prairie Mallow,Sidalcea malviflora
P1577,꽃 Flowering,라바테라,Tree Mallow,Lavatera trimestris
P1578,꽃 Flowering,말바,Musk Mallow,Malva moschata
P1579,꽃 Flowering,히비스커스 모스체우토스,Swamp Rose Mallow,Hibiscus moscheutos
P1580,꽃 Flowering,티토니아,Mexican Sunflower,Tithonia rotundifolia
P1581,꽃 Flowering,산비탈리아,Creeping Zinnia,Sanvitalia procumbens
P1582,꽃 Flowering,멜람포디움,Butter Daisy,Melampodium divaricatum
P1583,꽃 Flowering,펠리시아,Blue Daisy,Felicia amelloides
P1584,꽃 Flowering,아르크토티스,African Daisy,Arctotis stoechadifolia
P1585,꽃 Flowering,베니디움,Cape Daisy,Arctotis fastuosa
P1586,꽃 Flowering,우르시니아,Jewel of the Veldt,Ursinia anthemoides
P1587,꽃 Flowering,에리시뭄,Wallflower,Erysimum cheiri
P1588,꽃 Flowering,이베리스,Candytuft,Iberis sempervirens
P1589,꽃 Flowering,오브리에타,Rock Cress,Aubrieta deltoidea
P1590,꽃 Flowering,아라비스,Wall Rockcress,Arabis caucasica
P1591,꽃 Flowering,아우리니아,Basket of Gold,Aurinia saxatilis
P1592,꽃 Flowering,아르메리아,Sea Thrift,Armeria maritima
P1593,꽃 Flowering,살피글로시스,Painted Tongue,Salpiglossis sinuata
P1594,꽃 Flowering,스키잔투스,Butterfly Flower,Schizanthus pinnatus
P1595,꽃 Flowering,네모필라,Baby Blue Eyes,Nemophila menziesii
P1596,꽃 Flowering,파셀리아,Lacy Phacelia,Phacelia tanacetifolia
P1597,꽃 Flowering,클라키아,Godetia,Clarkia amoena
P1598,꽃 Flowering,크산테뭄,Immortelle,Xerochrysum bracteatum
P1599,꽃 Flowering,로다테,Everlasting Daisy,Rhodanthe manglesii
P1600,꽃 Flowering,암모비움,Winged Everlasting,Ammobium alatum
P1601,꽃 Flowering,에밀리아,Tassel Flower,Emilia coccinea
P1602,꽃 Flowering,살비아 그레기,Autumn Sage,Salvia greggii
P1603,꽃 Flowering,살비아 과라니티카,Anise-scented Sage,Salvia guaranitica
P1604,꽃 Flowering,아가스타체 블루포춘,Blue Fortune Hyssop,Agastache Blue Fortune
P1605,꽃 Flowering,말바 접시,Zebra Mallow,Malva sylvestris
P1606,꽃 Flowering,미뮬러스,Monkey Flower,Mimulus hybridus
P1607,꽃 Flowering,로벨리아 카디날리스,Cardinal Flower,Lobelia cardinalis
P1608,꽃 Flowering,트라이컬러 데이지,Tricolor Chrysanthemum,Glebionis carinata
P1609,꽃 Flowering,아마란서스 카우다투스,Love-lies-bleeding,Amaranthus caudatus
P1610,꽃 Flowering,리시마키아 아트로푸르푸레아,Beaujolais Loosestrife,Lysimachia atropurpurea
P1611,꽃 Flowering,붓들레야,Butterfly Bush,Buddleja davidii
P1612,꽃 Flowering,티보치나 세미데칸드라,Princess Flower,Pleroma semidecandrum
P1613,꽃 Flowering,꽃생강,Butterfly Ginger,Hedychium coronarium
P1614,꽃 Flowering,붉은꽃생강,Red Ginger,Alpinia purpurata
P1615,꽃 Flowering,토치진저,Torch Ginger,Etlingera elatior
P1616,꽃 Flowering,헬리코니아,Lobster Claw,Heliconia rostrata
P1617,다육 Succulent,에케베리아 풀비나타,Chenille Plant,Echeveria pulvinata
P1618,다육 Succulent,에케베리아 샤비아나,Mexican Hens,Echeveria shaviana
P1619,다육 Succulent,에케베리아 콜로라타,Colorata Echeveria,Echeveria colorata
P1620,다육 Succulent,에케베리아 기비플로라,Giant Echeveria,Echeveria gibbiflora
P1621,다육 Succulent,에케베리아 푸르푸소룸,Purpusorum Echeveria,Echeveria purpusorum
P1622,다육 Succulent,에케베리아 치와와엔시스,Chihuahua Echeveria,Echeveria chihuahuaensis
P1623,다육 Succulent,에케베리아 하름시,Plush Plant,Echeveria harmsii
P1624,다육 Succulent,에케베리아 톱시터비,Topsy Turvy,Echeveria runyonii Topsy Turvy
P1625,다육 Succulent,세덤 스파툴리폴리움,Broadleaf Stonecrop,Sedum spathulifolium
P1626,다육 Succulent,세덤 레플렉숨,Blue Spruce Stonecrop,Sedum reflexum
P1627,다육 Succulent,세덤 히스파니쿰,Spanish Stonecrop,Sedum hispanicum
P1628,다육 Succulent,세덤 클라바툼,Tubby Stonecrop,Sedum clavatum
P1629,다육 Succulent,세덤 알란토이데스,Sausage Sedum,Sedum allantoides
P1630,다육 Succulent,크라술라 리코포디오이데스,Watch Chain,Crassula lycopodioides
P1631,다육 Succulent,크라술라 테트라고나,Miniature Pine Tree,Crassula tetragona
P1632,다육 Succulent,크라술라 마르니에리아나,Jade Necklace,Crassula marnieriana
P1633,다육 Succulent,크라술라 루페스트리스,Rosary Vine,Crassula rupestris
P1634,다육 Succulent,칼랑코에 푸밀라,Flower Dust Plant,Kalanchoe pumila
P1635,다육 Succulent,칼랑코에 페드첸코이,Lavender Scallops,Kalanchoe fedtschenkoi
P1636,다육 Succulent,칼랑코에 마르모라타,Penwiper Plant,Kalanchoe marmorata
P1637,다육 Succulent,칼랑코에 오르기알리스,Copper Spoons,Kalanchoe orgyalis
P1638,다육 Succulent,칼랑코에 베하렌시스,Felt Bush,Kalanchoe beharensis
P1639,다육 Succulent,칼랑코에 롬보필로사,Aurora Borealis,Kalanchoe rhombopilosa
P1640,다육 Succulent,하월시아 파스키아타,Zebra Plant,Haworthiopsis fasciata
P1641,다육 Succulent,하월시아 코아르크타타,Coarctata Haworthia,Haworthiopsis coarctata
P1642,다육 Succulent,하월시아 킴비포르미스,Cathedral Window,Haworthia cymbiformis
P1643,다육 Succulent,하월시아 마르가리티페라,Pearl Plant,Haworthiopsis pumila
P1644,다육 Succulent,하월시아 마우가니,Maughan Haworthia,Haworthia maughanii
P1645,다육 Succulent,아에오니움 하워르티,Pinwheel Aeonium,Aeonium haworthii
P1646,다육 Succulent,아에오니움 타불리포르메,Dinner Plate Aeonium,Aeonium tabuliforme
P1647,다육 Succulent,아에오니움 키위,Kiwi Aeonium,Aeonium Kiwi
P1648,다육 Succulent,아에오니움 선버스트,Sunburst Aeonium,Aeonium Sunburst
P1649,다육 Succulent,그랍토페탈룸 벨룸,Chihuahua Flower,Graptopetalum bellum
P1650,다육 Succulent,그랍토페탈룸 아메티스티눔,Lavender Pebbles,Graptopetalum amethystinum
P1651,다육 Succulent,파키피툼 브락테오숨,Bracted Moonstone,Pachyphytum bracteosum
P1652,다육 Succulent,파키피툼 콤팍툼,Little Jewel,Pachyphytum compactum
P1653,다육 Succulent,코틸레돈 라디스미텐시스,Cactus Cotyledon,Cotyledon ladismithiensis
P1654,다육 Succulent,아드로미스쿠스 마쿨라투스,Calico Hearts,Adromischus maculatus
P1655,다육 Succulent,아드로미스쿠스 쿠페리,Plover Eggs,Adromischus cooperi
P1656,다육 Succulent,세네시오 아르티쿨라투스,Candle Plant,Senecio articulatus
P1657,다육 Succulent,세네시오 스타펠리포르미스,Pickle Plant,Kleinia stapeliiformis
P1658,다육 Succulent,세네시오 만드랄리스카에,Blue Chalk Sticks,Senecio mandraliscae
P1659,다육 Succulent,세네시오 스카포수스,Silver Coral,Senecio scaposus
P1660,다육 Succulent,알로에 바리에가타,Tiger Aloe,Gonialoe variegata
P1661,다육 Succulent,알로에 후밀리스,Spider Aloe,Aloe humilis
P1662,다육 Succulent,알로에 스트리아타,Coral Aloe,Aloe striata
P1663,다육 Succulent,알로에 플리카틸리스,Fan Aloe,Kumara plicatilis
P1664,다육 Succulent,알로에 도로테아에,Sunset Aloe,Aloe dorotheae
P1665,다육 Succulent,알로에 라우히,Snowflake Aloe,Aloe rauhii
P1666,다육 Succulent,알로에 데스코잉시,Miniature Aloe,Aloe descoingsii
P1667,다육 Succulent,가스테리아 바테시아나,Ox Tongue Batesiana,Gasteria batesiana
P1668,다육 Succulent,가스테리아 글로메라타,Miniature Ox Tongue,Gasteria glomerata
P1669,다육 Succulent,리톱스 아우캄피아에,Living Stone Aucampiae,Lithops aucampiae
P1670,다육 Succulent,리톱스 마르모라타,Marble Living Stone,Lithops marmorata
P1671,다육 Succulent,리톱스 옵티카 루브라,Ruby Living Stone,Lithops optica Rubra
P1672,다육 Succulent,리톱스 살리콜라,Salt-dwelling Living Stone,Lithops salicola
P1673,다육 Succulent,파우카리아,Tiger Jaws,Faucaria tigrina
P1674,다육 Succulent,글로티필룸,Tongue Leaf,Glottiphyllum linguiforme
P1675,다육 Succulent,케이리돕시스,Lobster Claws,Cheiridopsis denticulata
P1676,다육 Succulent,유포르비아 라크테아,Dragon Bones,Euphorbia lactea
P1677,다육 Succulent,유포르비아 암마크,Candelabra Spurge,Euphorbia ammak
P1678,다육 Succulent,유포르비아 카푸트메두사에,Medusa's Head,Euphorbia caput-medusae
P1679,다육 Succulent,유포르비아 부플레우리폴리아,Pine Cone Plant,Euphorbia bupleurifolia
P1680,다육 Succulent,유포르비아 호리다,African Milk Barrel,Euphorbia horrida
P1681,다육 Succulent,유포르비아 마밀라리스,Corn Cob Cactus,Euphorbia mammillaris
P1682,다육 Succulent,모나데니움 리티에,Monadenium,Euphorbia ritchiei
P1683,다육 Succulent,포르툴라카리아 바리에가타,Variegated Elephant Bush,Portulacaria afra Variegata
P1684,선인장 Cactus,아스트로피툼 카프리코르네,Goat's Horn Cactus,Astrophytum capricorne
P1685,선인장 Cactus,짐노칼리시움 사글리오니스,Giant Chin Cactus,Gymnocalycium saglionis
P1686,선인장 Cactus,짐노칼리시움 브루키,Bruch's Chin Cactus,Gymnocalycium bruchii
P1687,선인장 Cactus,짐노칼리시움 프리드리키,Friedrich Chin Cactus,Gymnocalycium friedrichii
P1688,선인장 Cactus,마밀라리아 보카사나,Powder Puff Cactus,Mammillaria bocasana
P1689,선인장 Cactus,마밀라리아 스피노시시마,Spiny Pincushion,Mammillaria spinosissima
P1690,선인장 Cactus,마밀라리아 게미니스피나,Twin Spined Cactus,Mammillaria geminispina
P1691,선인장 Cactus,마밀라리아 자일마니아나,Rose Pincushion,Mammillaria zeilmanniana
P1692,선인장 Cactus,마밀라리아 봄비키나,Silken Pincushion,Mammillaria bombycina
P1693,선인장 Cactus,마밀라리아 칸디다,Snowball Pincushion,Mammillaria candida
P1694,선인장 Cactus,레부티아 헬리오사,Sun Crown Cactus,Rebutia heliosa
P1695,선인장 Cactus,레부티아 피에브리기,Orange Crown Cactus,Rebutia fiebrigii
P1696,선인장 Cactus,레부티아 무스쿨라,White-haired Crown,Rebutia muscula
P1697,선인장 Cactus,파로디아 하셀베르기,Scarlet Ball Cactus,Parodia haselbergii
P1698,선인장 Cactus,파로디아 크리사칸티온,Golden Tom Thumb,Parodia chrysacanthion
P1699,선인장 Cactus,파로디아 스코파,Silver Ball Cactus,Parodia scopa
P1700,선인장 Cactus,에키놉시스 에이리에시,Easter Lily Cactus,Echinopsis eyriesii
P1701,선인장 Cactus,에키놉시스 수브데누다타,Domino Cactus,Echinopsis subdenudata
P1702,선인장 Cactus,에키노케레우스 리기디시무스,Arizona Rainbow,Echinocereus rigidissimus
P1703,선인장 Cactus,페로칵투스 라티스피누스,Devil's Tongue Barrel,Ferocactus latispinus
P1704,선인장 Cactus,페로칵투스 글라우케스켄스,Blue Barrel Cactus,Ferocactus glaucescens
P1705,선인장 Cactus,오푼티아 바실라리스,Beavertail Cactus,Opuntia basilaris
P1706,선인장 Cactus,오푼티아 로부스타,Wheel Cactus,Opuntia robusta
P1707,선인장 Cactus,세레우스 포르베시 스피랄리스,Spiral Cactus,Cereus forbesii Spiralis
P1708,선인장 Cactus,미르틸로칵투스,Blue Candle Cactus,Myrtillocactus geometrizans
P1709,선인장 Cactus,파키케레우스,Totem Pole Cactus,Pachycereus schottii Monstrose
P1710,선인장 Cactus,클레이스토칵투스 윈테리,Golden Rat Tail,Cleistocactus winteri
P1711,선인장 Cactus,아리오카르푸스,Living Rock Cactus,Ariocarpus fissuratus
P1712,선인장 Cactus,로포포라,Peyote,Lophophora williamsii
P1713,선인장 Cactus,코피아포아,Copiapoa,Copiapoa cinerea
P1714,선인장 Cactus,셀레니케레우스 안토니아누스,Rick Rack Cactus,Selenicereus anthonyanus
P1715,선인장 Cactus,레피스미움 볼리비아눔,Bolivian Mistletoe Cactus,Lepismium bolivianum
P1716,선인장 Cactus,하티오라,Drunkard's Dream,Hatiora salicornioides
P1717,조경수 Tree,홍공작단풍,Bloodgood Japanese Maple,Acer palmatum Bloodgood
P1718,조경수 Tree,산호각단풍,Coral Bark Maple,Acer palmatum Sango-kaku
P1719,조경수 Tree,세열단풍,Laceleaf Japanese Maple,Acer palmatum Dissectum
P1720,조경수 Tree,미국단풍,Red Maple,Acer rubrum
P1721,조경수 Tree,설탕단풍,Sugar Maple,Acer saccharum
P1722,조경수 Tree,노르웨이단풍,Norway Maple,Acer platanoides
P1723,조경수 Tree,네군도단풍,Box Elder,Acer negundo
P1724,조경수 Tree,은단풍나무,Hedge Maple,Acer campestre
P1725,조경수 Tree,목련 수랑게,Saucer Magnolia,Magnolia soulangeana
P1726,조경수 Tree,버지니아목련,Sweetbay Magnolia,Magnolia virginiana
P1727,조경수 Tree,오이나무목련,Cucumber Tree,Magnolia acuminata
P1728,조경수 Tree,꽃사과나무,Flowering Crabapple,Malus floribunda
P1729,조경수 Tree,로열티꽃사과,Royalty Crabapple,Malus Royalty
P1730,조경수 Tree,중국느릅나무,Chinese Elm,Ulmus parvifolia
P1731,조경수 Tree,느릅나무,David Elm,Ulmus davidiana
P1732,조경수 Tree,피나무,Amur Linden,Tilia amurensis
P1733,조경수 Tree,찰피나무,Manchurian Linden,Tilia mandshurica
P1734,조경수 Tree,너도밤나무,Japanese Beech,Fagus engleriana
P1735,조경수 Tree,유럽너도밤나무,European Beech,Fagus sylvatica
P1736,조경수 Tree,소귀나무,Bayberry,Myrica rubra
P1737,조경수 Tree,리퀴담바,American Sweetgum,Liquidambar styraciflua
P1738,조경수 Tree,니사,Black Tupelo,Nyssa sylvatica
P1739,조경수 Tree,옥시덴드럼,Sourwood,Oxydendrum arboreum
P1740,조경수 Tree,클라드라스티스,Yellowwood,Cladrastis kentukea
P1741,조경수 Tree,개오동,Northern Catalpa,Catalpa ovata
P1742,조경수 Tree,꽃개오동,Southern Catalpa,Catalpa bignonioides
P1743,조경수 Tree,용버들,Corkscrew Willow,Salix matsudana Tortuosa
P1744,조경수 Tree,갯버들,Pussy Willow,Salix gracilistyla
P1745,조경수 Tree,무늬버들,Dappled Willow,Salix integra Hakuro Nishiki
P1746,조경수 Tree,강물자작,River Birch,Betula nigra
P1747,조경수 Tree,종이자작나무,Paper Birch,Betula papyrifera
P1748,조경수 Tree,사스래나무,Erman's Birch,Betula ermanii
P1749,조경수 Tree,미국이팝나무,White Fringe Tree,Chionanthus virginicus
P1750,조경수 Tree,다비디아,Dove Tree,Davidia involucrata
P1751,조경수 Tree,파로티아,Persian Ironwood,Parrotia persica
P1752,조경수 Tree,산겨릅나무,Manchurian Striped Maple,Acer tegmentosum
P1753,조경수 Tree,까치박달,Heartleaf Hornbeam,Carpinus cordata
P1754,조경수 Tree,새우나무,Hophornbeam,Ostrya japonica
P1755,조경수 Tree,개서어나무,Japanese Hornbeam,Carpinus tschonoskii
P1756,조경수 Tree,이나무,Idesia,Idesia polycarpa
P1757,조경수 Tree,말채나무,Walter's Dogwood,Cornus walteri
P1758,조경수 Tree,곰의말채나무,Giant Dogwood,Cornus macrophylla
P1759,조경수 Tree,좀털인동나무,Tree Lilac,Syringa reticulata
P1760,조경수 Tree,고욤나무,Date Plum,Diospyros lotus
P1761,조경수 Tree,때죽 흰말채,Redosier Dogwood Tree,Cornus sericea Tree
P1762,조경수 Tree,산겨릅,Snakebark Maple,Acer capillipes
P1763,조경수 Tree,우산고로쇠,Umbrella Maple,Acer okamotoanum
P1764,조경수 Tree,당단풍나무,Korean Maple,Acer pseudosieboldianum
P1765,관목 Shrub,자엽매자,Purple Barberry,Berberis thunbergii Atropurpurea
P1766,관목 Shrub,황금매자,Golden Barberry,Berberis thunbergii Aurea
P1767,관목 Shrub,붓들레야 블랙나이트,Black Knight Butterfly Bush,Buddleja davidii Black Knight
P1768,관목 Shrub,카리옵테리스,Bluebeard,Caryopteris clandonensis
P1769,관목 Shrub,포더길라,Witch Alder,Fothergilla gardenii
P1770,관목 Shrub,클레트라,Summersweet,Clethra alnifolia
P1771,관목 Shrub,이테아,Virginia Sweetspire,Itea virginica
P1772,관목 Shrub,자엽피소카르푸스,Ninebark Diabolo,Physocarpus opulifolius Diabolo
P1773,관목 Shrub,서양딱총나무,Black Lace Elderberry,Sambucus nigra Black Lace
P1774,관목 Shrub,딱총나무,Korean Elderberry,Sambucus williamsii
P1775,관목 Shrub,꽃댕강 붉은,Red Flowering Currant,Ribes sanguineum
P1776,관목 Shrub,향기나는커런트,Clove Currant,Ribes odoratum
P1777,관목 Shrub,붉나무,Chinese Sumac,Rhus chinensis
P1778,관목 Shrub,개옻나무,Fragrant Sumac,Rhus aromatica
P1779,관목 Shrub,붉은말채나무,Redtwig Dogwood,Cornus alba Sibirica
P1780,관목 Shrub,노랑말채나무,Yellowtwig Dogwood,Cornus sericea Flaviramea
P1781,관목 Shrub,먹넌출,Inkberry Holly,Ilex glabra
P1782,관목 Shrub,블루홀리,Blue Holly,Ilex meserveae
P1783,관목 Shrub,아우쿠바,Japanese Laurel,Aucuba japonica
P1784,관목 Shrub,스키미아,Japanese Skimmia,Skimmia japonica
P1785,관목 Shrub,류코토에,Coast Leucothoe,Leucothoe fontanesiana
P1786,관목 Shrub,칼미아,Mountain Laurel,Kalmia latifolia
P1787,관목 Shrub,엔키안투스,Redvein Enkianthus,Enkianthus campanulatus
P1788,관목 Shrub,포텐틸라,Shrubby Cinquefoil,Potentilla fruticosa
P1789,관목 Shrub,황금조팝,Golden Spirea,Spiraea japonica Goldflame
P1790,관목 Shrub,일본조팝나무,Japanese White Spirea,Spiraea nipponica
P1791,관목 Shrub,가는잎조팝,Thunberg Spirea,Spiraea thunbergii
P1792,관목 Shrub,자작잎조팝,Birchleaf Spirea,Spiraea betulifolia
P1793,관목 Shrub,세아노투스,California Lilac,Ceanothus thyrsiflorus
P1794,관목 Shrub,황금히페리쿰,Hidcote St. John's Wort,Hypericum Hidcote
P1795,관목 Shrub,와인앤로지스,Wine and Roses Weigela,Weigela florida Wine and Roses
P1796,관목 Shrub,닛코말발도리,Nikko Deutzia,Deutzia gracilis Nikko
P1797,관목 Shrub,풍겐스철쭉,Royal Azalea,Rhododendron schlippenbachii
P1798,관목 Shrub,야쿠시마만병초,Yakushima Rhododendron,Rhododendron yakushimanum
P1799,관목 Shrub,에지워시아,Paperbush,Edgeworthia chrysantha
P1800,관목 Shrub,스타키우루스,Early Spiketail,Stachyurus praecox
P1801,관목 Shrub,황금풍년화,Arnold Promise Witch Hazel,Hamamelis intermedia Arnold Promise
P1802,관목 Shrub,꽃생강나무,Winter Hazel Spicata,Corylopsis spicata
P1803,관목 Shrub,좁은잎사철,Emerald Gaiety Euonymus,Euonymus fortunei Emerald Gaiety
P1804,관목 Shrub,삼지닥나무,Oriental Paperbush,Edgeworthia papyrifera
P1805,관목 Shrub,꼬리진달래,Redosier Rhododendron,Rhododendron micranthum
P1806,관목 Shrub,흰말채나무,White Beautyberry,Callicarpa dichotoma Albifructa
P1807,관목 Shrub,황칠나무,Korean Dendropanax,Dendropanax trifidus
P1808,관목 Shrub,보리장나무,Thorny Olive,Elaeagnus pungens
P1809,관목 Shrub,꽃치자,Dwarf Gardenia,Gardenia jasminoides Radicans
P1810,침엽수 Conifer,동양가문비,Oriental Spruce,Picea orientalis
P1811,침엽수 Conifer,콜로라도블루가문비,Colorado Blue Spruce,Picea pungens Glauca
P1812,침엽수 Conifer,흰전나무,White Fir,Abies concolor
P1813,침엽수 Conifer,노르드만전나무,Nordmann Fir,Abies nordmanniana
P1814,침엽수 Conifer,프레이저전나무,Fraser Fir,Abies fraseri
P1815,침엽수 Conifer,눈잣나무,Dwarf Siberian Pine,Pinus pumila
P1816,침엽수 Conifer,무고소나무,Mugo Pine,Pinus mugo
P1817,침엽수 Conifer,폰데로사소나무,Ponderosa Pine,Pinus ponderosa
P1818,침엽수 Conifer,림버소나무,Limber Pine,Pinus flexilis
P1819,침엽수 Conifer,눈측백,Creeping Juniper Blue,Juniperus horizontalis Wiltonii
P1820,침엽수 Conifer,블루스타향나무,Blue Star Juniper,Juniperus squamata Blue Star
P1821,침엽수 Conifer,스카이로켓향나무,Skyrocket Juniper,Juniperus scopulorum Skyrocket
P1822,침엽수 Conifer,눈향나무 나나,Procumbens Nana,Juniperus procumbens Nana
P1823,침엽수 Conifer,서양적삼목,Western Red Cedar,Thuja plicata
P1824,침엽수 Conifer,포트오포드측백,Port Orford Cedar,Chamaecyparis lawsoniana
P1825,침엽수 Conifer,글로보사삼나무,Globe Japanese Cedar,Cryptomeria japonica Globosa Nana
P1826,침엽수 Conifer,엘레강스삼나무,Plume Cryptomeria,Cryptomeria japonica Elegans
P1827,침엽수 Conifer,세쿼이아,Coast Redwood,Sequoia sempervirens
P1828,침엽수 Conifer,자이언트세쿼이아,Giant Sequoia,Sequoiadendron giganteum
P1829,침엽수 Conifer,영국주목,English Yew,Taxus baccata
P1830,침엽수 Conifer,힉시주목,Hicks Yew,Taxus media Hicksii
P1831,침엽수 Conifer,아틀라스시더,Atlas Cedar,Cedrus atlantica
P1832,침엽수 Conifer,유럽낙엽송,European Larch,Larix decidua
P1833,침엽수 Conifer,캐나다솔송나무,Eastern Hemlock,Tsuga canadensis
P1834,침엽수 Conifer,미송,Douglas Fir,Pseudotsuga menziesii
P1835,침엽수 Conifer,솔송나무 웨딩,Weeping Hemlock,Tsuga canadensis Pendula
P1836,침엽수 Conifer,눈측백나무,Dwarf Hinoki Cypress,Chamaecyparis obtusa Nana Gracilis
P1837,자생초 Native,눈개승마,Goat's Beard,Aruncus dioicus
P1838,자생초 Native,승마,Bugbane,Actaea heracleifolia
P1839,자생초 Native,촛대승마,Candle Bugbane,Actaea simplex
P1840,자생초 Native,나도승마,Yellow Wax Bells,Kirengeshoma koreana
P1841,자생초 Native,로저시아,Rodger's Flower,Rodgersia podophylla
P1842,자생초 Native,터리풀,Korean Meadowsweet,Filipendula glaberrima
P1843,자생초 Native,산오이풀,Alpine Burnet,Sanguisorba hakusanensis
P1844,자생초 Native,괭이눈,Golden Saxifrage,Chrysosplenium grayanum
P1845,자생초 Native,개미취,Tatarian Aster,Aster tataricus
P1846,자생초 Native,까실쑥부쟁이,Rough Aster,Aster ageratoides
P1847,자생초 Native,엉겅퀴,Korean Thistle,Cirsium japonicum
P1848,자생초 Native,고려엉겅퀴,Gondre Thistle,Cirsium setidens
P1849,자생초 Native,산비장이,Serratula,Serratula coronata
P1850,자생초 Native,비로용담,Alpine Gentian,Gentiana jamesii
P1851,자생초 Native,과남풀,Tall Gentian,Gentiana triflora
P1852,자생초 Native,자주쓴풀,Purple Swertia,Swertia pseudochinensis
P1853,자생초 Native,진범,Korean Monkshood,Aconitum pseudolaeve
P1854,자생초 Native,놋젓가락나물,Climbing Monkshood,Aconitum ciliare
P1855,자생초 Native,백부자,White Monkshood,Aconitum coreanum
P1856,자생초 Native,천남성,Jack-in-the-Pulpit,Arisaema amurense
P1857,자생초 Native,큰천남성,Ringens Arisaema,Arisaema ringens
P1858,자생초 Native,두루미천남성,Crane Arisaema,Arisaema heterophyllum
P1859,자생초 Native,반하,Crow Dipper,Pinellia ternata
P1860,자생초 Native,연령초,Trillium,Trillium camschatcense
P1861,자생초 Native,큰연령초,Large Trillium,Trillium tschonoskii
P1862,자생초 Native,풀솜대,False Solomon's Seal,Maianthemum japonicum
P1863,자생초 Native,죽대아재비,Twisted Stalk,Streptopus ovalis
P1864,자생초 Native,윤판나물아재비,Yellow Fairy Bells,Disporum viridescens
P1865,자생초 Native,삿갓풀,Herb Paris,Paris verticillata
P1866,자생초 Native,하늘말나리,Upright Lily,Lilium tsingtauense
P1867,자생초 Native,날개하늘나리,Wing-stem Lily,Lilium dauricum
P1868,자생초 Native,솔붓꽃,Dwarf Woodland Iris,Iris ruthenica
P1869,자생초 Native,노랑붓꽃,Yellow Korean Iris,Iris koreana
P1870,자생초 Native,부처꽃,Purple Loosestrife,Lythrum salicaria
P1871,자생초 Native,털부처꽃,Hairy Loosestrife,Lythrum salicaria Herb
P1872,자생초 Native,좁쌀풀,Fringed Loosestrife,Lysimachia vulgaris
P1873,자생초 Native,참좁쌀풀,Korean Loosestrife,Lysimachia coreana
P1874,자생초 Native,까치수염,Gooseneck Loosestrife,Lysimachia barystachys
P1875,자생초 Native,이질풀,Korean Cranesbill,Geranium thunbergii
P1876,자생초 Native,둥근이질풀,Round Cranesbill,Geranium koreanum
P1877,자생초 Native,선괴불주머니,Corydalis speciosa,Corydalis speciosa
P1878,자생초 Native,산괴불주머니,Mountain Corydalis,Corydalis speciosa Mountain
P1879,자생초 Native,금강애기나리,Diamond Fairy Bells,Streptopus koreanus
P1880,자생초 Native,박새,False Hellebore,Veratrum oxysepalum
P1881,자생초 Native,여로,Black Hellebore,Veratrum maackii
P1882,자생초 Native,백선,Gas Plant,Dictamnus dasycarpus
P1883,자생초 Native,단풍취,Maple-leaf Ainsliaea,Ainsliaea acerifolia
P1884,자생초 Native,벌깨풀,Korean Dragonhead,Dracocephalum rupestre
P1885,자생초 Native,골무꽃,Korean Skullcap,Scutellaria indica
P1886,자생초 Native,금강봄맞이,Diamond Rock Jasmine,Androsace cortusifolia
P1887,허브 Herb,제노비스바질,Genovese Basil,Ocimum basilicum Genovese
P1888,허브 Herb,레몬바질,Lemon Basil,Ocimum citriodorum
P1889,허브 Herb,퍼플세이지,Purple Sage,Salvia officinalis Purpurascens
P1890,허브 Herb,클라리세이지,Clary Sage,Salvia sclarea
P1891,허브 Herb,서머세이보리,Summer Savory,Satureja hortensis
P1892,허브 Herb,펜넬 브론즈,Bronze Fennel,Foeniculum vulgare Purpureum
P1893,허브 Herb,살라드버넷,Salad Burnet,Sanguisorba minor
P1894,허브 Herb,소렐,Garden Sorrel,Rumex acetosa
P1895,허브 Herb,치커리,Chicory,Cichorium intybus
P1896,허브 Herb,에파조테,Epazote,Dysphania ambrosioides
P1897,허브 Herb,호로파,Fenugreek,Trigonella foenum-graecum
P1898,허브 Herb,레몬그라스 동인도,East Indian Lemongrass,Cymbopogon flexuosus
P1899,허브 Herb,팬돌잎,Pandan,Pandanus amaryllifolius
P1900,허브 Herb,우드러프,Sweet Woodruff,Galium odoratum
P1901,허브 Herb,코스트마리,Costmary,Tanacetum balsamita
P1902,허브 Herb,페버퓨,Feverfew,Tanacetum parthenium
P1903,허브 Herb,머그워트,Mugwort,Artemisia vulgaris
P1904,허브 Herb,서던우드,Southernwood,Artemisia abrotanum
P1905,허브 Herb,야로우,Yarrow,Achillea millefolium
P1906,허브 Herb,엘더플라워,Elderflower Herb,Sambucus nigra Herb
P1907,허브 Herb,우엉,Burdock,Arctium lappa
P1908,허브 Herb,댄들리온,Dandelion Herb,Taraxacum officinale
P1909,허브 Herb,질경이허브,Plantain Herb,Plantago major
P1910,허브 Herb,레이디스맨틀,Lady's Mantle,Alchemilla mollis
P1911,구근 Bulb,튤립 겹,Double Tulip,Tulipa Double
P1912,구근 Bulb,원종튤립,Species Tulip,Tulipa tarda
P1913,구근 Bulb,설란,Snowflake,Leucojum aestivum
P1914,구근 Bulb,아네모네 블란다,Grecian Windflower,Anemone blanda
P1915,구근 Bulb,이리스 레티쿨라타,Reticulated Iris,Iris reticulata
P1916,구근 Bulb,알리움 몰리,Golden Garlic,Allium moly
P1917,구근 Bulb,알리움 크리스토피,Star of Persia,Allium cristophii
P1918,구근 Bulb,시클라멘 코움,Eastern Cyclamen,Cyclamen coum
P1919,구근 Bulb,다알리아 폼폰,Pompon Dahlia,Dahlia Pompon
P1920,구근 Bulb,다알리아 카투스,Cactus Dahlia,Dahlia Cactus
P1921,구근 Bulb,백합 오리엔탈,Oriental Lily Stargazer,Lilium Stargazer
P1922,구근 Bulb,백합 아시아틱,Asiatic Lily,Lilium Asiatic
P1923,구근 Bulb,다투라,Angel's Trumpet,Brugmansia arborea
P1924,구근 Bulb,히메노칼리스,Spider Lily,Hymenocallis littoralis
P1925,구근 Bulb,트리토마,Torch Lily,Kniphofia caulescens
P1926,구근 Bulb,이페이온,Spring Starflower,Ipheion uniflorum
P1927,그라스 Grass,무늬수크령,Variegated Fountain Grass,Pennisetum Little Bunny
P1928,그라스 Grass,빅블루스템,Big Bluestem,Andropogon gerardii
P1929,그라스 Grass,인디언그라스,Indian Grass,Sorghastrum nutans
P1930,그라스 Grass,프레리드롭시드,Prairie Dropseed,Sporobolus heterolepis
P1931,그라스 Grass,노스윈드억새,Northwind Grass,Panicum virgatum Northwind
P1932,그라스 Grass,무늬물대,Variegated Giant Reed,Arundo donax Variegata
P1933,그라스 Grass,황금사초,Bowles Golden Sedge,Carex elata Aurea
P1934,그라스 Grass,펜실베이니아사초,Pennsylvania Sedge,Carex pensylvanica
P1935,그라스 Grass,브리자,Quaking Grass,Briza media
P1936,그라스 Grass,토끼꼬리풀,Bunny Tails,Lagurus ovatus
P1937,그라스 Grass,무늬달뿌리풀,Variegated Reed Grass,Phragmites australis Variegatus
P1938,그라스 Grass,일본무늬억새,Cabaret Miscanthus,Miscanthus sinensis Cabaret
P1939,그라스 Grass,자주억새,Purpurascens Grass,Miscanthus purpurascens
P1940,지피 Groundcover,아주가 초콜릿칩,Chocolate Chip Bugleweed,Ajuga reptans Chocolate Chip
P1941,지피 Groundcover,좀비비추,Dwarf Hosta,Hosta venusta
P1942,지피 Groundcover,무늬수호초,Variegated Pachysandra,Pachysandra terminalis Variegata
P1943,지피 Groundcover,라미움,Spotted Deadnettle,Lamium maculatum
P1944,지피 Groundcover,에피메디움,Barrenwort,Epimedium grandiflorum
P1945,수생 Aquatic,백련,White Lotus,Nelumbo nucifera Alba
P1946,수생 Aquatic,물배추 미니,Dwarf Water Lettuce,Pistia stratiotes Rosette
P1947,수생 Aquatic,물머위,Water Hawthorn,Aponogeton distachyos
P1948,수생 Aquatic,앵무깃털,Parrot's Feather,Myriophyllum aquaticum
P1949,수생 Aquatic,물칸나 노랑,Yellow Water Canna,Thalia dealbata Yellow
P1950,수생 Aquatic,수생꽃창포,Rabbit-ear Iris Water,Iris laevigata Water
P1951,수생 Aquatic,골풀수생,Corkscrew Rush Water,Juncus effusus Spiralis Water
P1952,수생 Aquatic,붕어마름,Coontail,Ceratophyllum demersum
P1953,양치 Fern,후마타고사리,Rabbit's Foot Fern,Humata tyermannii
P1954,양치 Fern,블루스타펀 마우이,Compact Blue Star Fern,Phlebodium aureum Mandaianum
P1955,양치 Fern,버튼펀,Button Fern,Pellaea rotundifolia
P1956,양치 Fern,레몬버튼펀,Lemon Button Fern,Nephrolepis cordifolia Duffii
P1957,양치 Fern,맥시칸고사리,Mexican Tree Fern,Cibotium schiedei
P1958,야자 Palm,맹그로브야자,Nipa Palm,Nypa fruticans
P1959,대나무 Bamboo,붓순대나무,Buddha Belly Bamboo,Bambusa ventricosa
P1960,대나무 Bamboo,흑죽,Timor Black Bamboo,Bambusa lako
P1961,대나무 Bamboo,봉황죽,Hedge Bamboo,Bambusa multiplex
P1962,식충 Carnivorous,붉은사라세니아,Sweet Pitcher Plant,Sarracenia rubra
P1963,식충 Carnivorous,네펜데스 라자,Giant Pitcher Plant,Nepenthes rajah
P1964,과실수 Fruit,해당화열매,Rugosa Rose Hip,Rosa rugosa Fruit
P1965,열대과실 Tropical,커피나무 로부스타,Robusta Coffee,Coffea canephora
P1966,열대과실 Tropical,카람볼라,Starfruit,Averrhoa carambola Tree
P1967,열대과실 Tropical,노니,Noni,Morinda citrifolia
P1968,열대과실 Tropical,망키통,Mangkud,Garcinia dulcis
P1969,난초 Orchid,손바닥난초,Fragrant Orchid,Gymnadenia conopsea
P1970,난초 Orchid,털복주머니란,Spotted Lady's Slipper,Cypripedium guttatum
P1971,난초 Orchid,구름병아리난초,Cloud Ponerorchis,Ponerorchis joo-iokiana
P1972,난초 Orchid,산제비란,Mandarin Platanthera,Platanthera mandarinorum
P1973,난초 Orchid,붉은사철란,Large Jewel Orchid,Goodyera macrantha
P1974,난초 Orchid,애기사철란,Creeping Jewel Orchid,Goodyera repens
P1975,난초 Orchid,키다리난초,Tall Liparis,Liparis japonica
P1976,난초 Orchid,제주방울란,Jeju Bell Orchid,Habenaria chejuensis
P1977,난초 Orchid,덴드로비움 스페키오숨,Rock Lily,Dendrobium speciosum
P1978,난초 Orchid,덴드로비움 빅토리아에,Blue Dendrobium,Dendrobium victoriae-reginae
P1979,난초 Orchid,덴드로비움 쿠트베르트소니,Cuthbertson Dendrobium,Dendrobium cuthbertsonii
P1980,난초 Orchid,카틀레야 페르시발리아나,Christmas Orchid,Cattleya percivaliana
P1981,난초 Orchid,카틀레야 막시마,Maxima Cattleya,Cattleya maxima
P1982,난초 Orchid,온시디움 바리코숨,Varicose Oncidium,Oncidium varicosum
P1983,난초 Orchid,밀토니옵시스 로에즐리,Roezl Pansy Orchid,Miltoniopsis roezlii
P1984,난초 Orchid,파피오페딜룸 벨라툴룸,Egg-in-a-Nest Slipper,Paphiopedilum bellatulum
P1985,난초 Orchid,파피오페딜룸 스피케리아눔,Spicer Slipper,Paphiopedilum spicerianum
P1986,난초 Orchid,파피오페딜룸 빌로숨,Villous Slipper,Paphiopedilum villosum
P1987,난초 Orchid,프라그미페디움 코바치,Kovach Slipper,Phragmipedium kovachii
P1988,난초 Orchid,반다 테셀라타,Checkered Vanda,Vanda tessellata
P1989,난초 Orchid,앙그레쿰 레오니스,Lion Comet Orchid,Angraecum leonis
P1990,난초 Orchid,불보필룸 로트쉴디아눔,Rothschild Bulbophyllum,Bulbophyllum rothschildianum
P1991,난초 Orchid,불보필룸 에키놀라비움,Antelope Orchid,Bulbophyllum echinolabium
P1992,난초 Orchid,마스데발리아 토바렌시스,Snow White Masdevallia,Masdevallia tovarensis
P1993,난초 Orchid,소프로니티스,Scarlet Orchid,Cattleya coccinea
P1994,난초 Orchid,프로스테케아 비텔리나,Orange Cockleshell,Prosthechea vitellina
P1995,다육 Succulent,에케베리아 미니마,Miniature Echeveria,Echeveria minima
P1996,다육 Succulent,에케베리아 라밀레테,Ramillete Echeveria,Echeveria Ramillete
P1997,다육 Succulent,에케베리아 도리스테일러,Woolly Rose,Echeveria Doris Taylor
P1998,다육 Succulent,크라술라 브레비폴리아,Short-leaf Crassula,Crassula brevifolia
P1999,다육 Succulent,크라술라 움벨라,Wine Cups,Crassula umbella
P2000,다육 Succulent,아드로미스쿠스 마리아나에,Marian Adromischus,Adromischus marianiae
P2001,다육 Succulent,아에오니움 운둘라툼,Stalked Aeonium,Aeonium undulatum
